"@timestamp per second",Count
1791159960000,32
1791159962000,28
1791159964000,16
1791159966000,38
1791159968000,30
1791159970000,26
1791159972000,34
1791159974000,16
1791159976000,32
1791159978000,26
1791159979000,4
1791159980000,28
1791159981000,24
1791159982000,2
1791159983000,22
1791159984000,2
1791159985000,34
1791159986000,2
1791159987000,40
1791159988000,4
1791159989000,26
1791159990000,10
1791159991000,16
1791159992000,10
1791159993000,12
1791159994000,6
1791159995000,22
1791159996000,4
1791159997000,30
1791159998000,2
1791159999000,32
1791160000000,4
1791160001000,28
1791160003000,16
1791160005000,34
1791160007000,40
1791160009000,52
1791160011000,40
1791160013000,42
1791160015000,34
1791160017000,28
1791160019000,32
1791160021000,28
1791160023000,22
1791160025000,28
1791160027000,28
1791160029000,28
1791160031000,50
1791160033000,16
1791160035000,16
1791160037000,40
1791160039000,20
1791160041000,48
1791160043000,40
1791160045000,16
1791160047000,46
1791160049000,20
1791160051000,38
1791160053000,24
1791160055000,16
1791160057000,36
1791160059000,22
1791160061000,50
1791160063000,36
1791160065000,28
1791160067000,40
1791160069000,32
1791160071000,64
1791160073000,38
1791160075000,22
1791160077000,40
1791160079000,30
1791160081000,46
1791160083000,18
1791160085000,16
1791160087000,46
1791160089000,26
1791160091000,38
1791160093000,18
1791160095000,16
1791160097000,28
1791160099000,32
1791160101000,42
1791160103000,30
1791160105000,22
1791160107000,34
1791160109000,38
1791160111000,32
1791160113000,24
1791160115000,22
1791160117000,28
1791160119000,28
1791160121000,42
1791160123000,30
1791160125000,16
1791160127000,34
1791160129000,28
1791160131000,38
1791160133000,44
1791160135000,22
1791160137000,28
1791160139000,34
1791160141000,42
1791160143000,36
1791160145000,16
1791160147000,40
1791160149000,28
1791160151000,30
1791160153000,30
1791160155000,28
1791160157000,28
1791160159000,34
1791160161000,48
1791160163000,56
1791160165000,30
1791160167000,34
1791160169000,16
1791160171000,40
1791160173000,30
1791160175000,24
1791160177000,28
1791160179000,22
1791160181000,40
1791160183000,42
1791160185000,24
1791160187000,34
1791160189000,22
1791160191000,48
1791160193000,32
1791160195000,24
1791160197000,34
1791160199000,40
1791160201000,40
1791160203000,26
1791160205000,26
1791160207000,40
1791160209000,22
1791160211000,28
1791160213000,32
1791160215000,34
1791160217000,28
1791160219000,22
1791160221000,32
1791160223000,58
1791160225000,42
1791160227000,34
1791160229000,22
1791160231000,36
1791160233000,40
1791160235000,42
1791160237000,40
1791160239000,16
1791160241000,30
1791160243000,38
1791160245000,36
1791160247000,30
1791160249000,28
1791160251000,32
1791160253000,46
1791160255000,28
1791160257000,32
1791160259000,22
