resource,verb,count_baseline,count_attack,variation
deployments,update,0,5142,5142
replicasets,update,0,5141,5141
pods,get,0,3546,3546
pods,patch,0,3484,3484
events,patch,0,1707,1707
events,create,0,146,146
nodes,get,87,164,77
pods,watch,12,49,37
pods,list,0,11,11
configmaps,watch,21,27,6
clusterroles,watch,0,6,6
flowschemas,watch,0,6,6
csidrivers,watch,9,15,6
nodes,watch,18,22,4
prioritylevelconfigurations,watch,3,6,3
validatingwebhookconfigurations,watch,3,6,3
resourcequotas,watch,0,3,3
rolebindings,watch,3,6,3
clusterrolebindings,watch,3,6,3
bgpfilters,watch,0,3,3
globalnetworksets,watch,0,3,3
leases,watch,3,6,3
replicationcontrollers,watch,0,3,3
ipamblocks,watch,0,3,3
customresourcedefinitions,watch,0,3,3
globalnetworkpolicies,watch,0,3,3
daemonsets,watch,0,3,3
roles,watch,3,6,3
nodes,patch,3,4,1
storageclasses,watch,9,9,0
statefulsets,watch,3,3,0
persistentvolumes,watch,9,9,0
secrets,watch,6,6,0
apiservices,watch,6,6,0
podtemplates,watch,3,3,0
validatingadmissionpolicies,watch,6,6,0
ipreservations,watch,3,3,0
mutatingwebhookconfigurations,watch,6,6,0
deployments,watch,3,3,0
endpointslices,watch,12,12,0
controllerrevisions,watch,3,3,0
csinodes,watch,3,3,0
cronjobs,watch,3,3,0
hostendpoints,watch,3,3,0
ingresses,watch,3,3,0
ingressclasses,watch,6,6,0
endpoints,watch,6,6,0
persistentvolumeclaims,watch,3,3,0
networksets,watch,3,3,0
runtimeclasses,watch,9,9,0
endpoints,get,58,56,-2
endpointslices,get,58,56,-2
services,list,4,2,-2
serviceaccounts,watch,6,3,-3
priorityclasses,watch,6,3,-3
blockaffinities,watch,3,0,-3
caliconodestatuses,watch,3,0,-3
namespaces,watch,9,6,-3
clusterinformations,watch,3,0,-3
validatingadmissionpolicybindings,watch,6,3,-3
replicasets,watch,6,3,-3
poddisruptionbudgets,watch,3,0,-3
limitranges,watch,6,3,-3
kubecontrollersconfigurations,watch,3,0,-3
horizontalpodautoscalers,watch,3,0,-3
csistoragecapacities,watch,6,3,-3
felixconfigurations,watch,3,0,-3
clusterinformations,get,60,55,-5
bgpconfigurations,watch,6,0,-6
bgppeers,watch,6,0,-6
ippools,watch,6,0,-6
volumeattachments,watch,6,0,-6
networkpolicies,watch,9,0,-9
services,watch,24,15,-9
leases,update,710,661,-49
