category,count_baseline,count_attack,taux_baseline_par_min,taux_attack_par_min,variation_absolue,variation_taux_par_min
leases,713,707,142.6,141.4,-6,-1.1999999999999886
nodes,108,204,21.6,40.8,96,19.199999999999996
pods,12,186,2.4,37.2,174,34.800000000000004
endpointslices,70,72,14.0,14.4,2,0.40000000000000036
endpoints,64,66,12.8,13.2,2,0.3999999999999986
clusterinformations,63,60,12.6,12.0,-3,-0.5999999999999996
configmaps,21,36,4.2,7.2,15,3.0
services,28,22,5.6,4.4,-6,-1.1999999999999993
events,0,14,0.0,2.8,14,2.8
csidrivers,9,12,1.8,2.4,3,0.5999999999999999
persistentvolumes,9,9,1.8,1.8,0,0.0
customresourcedefinitions,0,6,0.0,1.2,6,1.2
clusterroles,0,6,0.0,1.2,6,1.2
flowschemas,0,6,0.0,1.2,6,1.2
clusterrolebindings,3,6,0.6,1.2,3,0.6
priorityclasses,6,6,1.2,1.2,0,0.0
prioritylevelconfigurations,3,6,0.6,1.2,3,0.6
runtimeclasses,9,6,1.8,1.2,-3,-0.6000000000000001
rolebindings,3,6,0.6,1.2,3,0.6
validatingadmissionpolicybindings,6,6,1.2,1.2,0,0.0
storageclasses,9,6,1.8,1.2,-3,-0.6000000000000001
statefulsets,3,6,0.6,1.2,3,0.6
roles,3,6,0.6,1.2,3,0.6
networkpolicies,9,6,1.8,1.2,-3,-0.6000000000000001
namespaces,9,6,1.8,1.2,-3,-0.6000000000000001
poddisruptionbudgets,3,6,0.6,1.2,3,0.6
caliconodestatuses,3,3,0.6,0.6,0,0.0
bgpfilters,0,3,0.0,0.6,3,0.6
certificatesigningrequests,0,3,0.0,0.6,3,0.6
bgpconfigurations,6,3,1.2,0.6,-3,-0.6
apiservices,6,3,1.2,0.6,-3,-0.6
serviceaccounts,6,3,1.2,0.6,-3,-0.6
secrets,6,3,1.2,0.6,-3,-0.6
ipamhandles,0,3,0.0,0.6,3,0.6
ipamconfigs,0,3,0.0,0.6,3,0.6
hostendpoints,3,3,0.6,0.6,0,0.0
horizontalpodautoscalers,3,3,0.6,0.6,0,0.0
ingresses,3,3,0.6,0.6,0,0.0
ingressclasses,6,3,1.2,0.6,-3,-0.6
daemonsets,0,3,0.0,0.6,3,0.6
csistoragecapacities,6,3,1.2,0.6,-3,-0.6
deployments,3,3,0.6,0.6,0,0.0
blockaffinities,3,3,0.6,0.6,0,0.0
csinodes,3,3,0.6,0.6,0,0.0
controllerrevisions,3,3,0.6,0.6,0,0.0
globalnetworkpolicies,0,3,0.0,0.6,3,0.6
felixconfigurations,3,3,0.6,0.6,0,0.0
validatingwebhookconfigurations,3,3,0.6,0.6,0,0.0
resourcequotas,0,3,0.0,0.6,3,0.6
replicasets,6,3,1.2,0.6,-3,-0.6
podtemplates,3,3,0.6,0.6,0,0.0
limitranges,6,3,1.2,0.6,-3,-0.6
persistentvolumeclaims,3,3,0.6,0.6,0,0.0
networksets,3,3,0.6,0.6,0,0.0
mutatingwebhookconfigurations,6,3,1.2,0.6,-3,-0.6
subjectaccessreviews,0,1,0.0,0.2,1,0.2
cronjobs,3,0,0.6,0.0,-3,-0.6
bgppeers,6,0,1.2,0.0,-6,-1.2
ipreservations,3,0,0.6,0.0,-3,-0.6
ippools,6,0,1.2,0.0,-6,-1.2
kubecontrollersconfigurations,3,0,0.6,0.0,-3,-0.6
validatingadmissionpolicies,6,0,1.2,0.0,-6,-1.2
volumeattachments,6,0,1.2,0.0,-6,-1.2
