"data.requestReceivedTimestamp per second",Count
1791215130000,4
1791215131000,76
1791215132000,68
1791215133000,91
1791215134000,79
1791215135000,81
1791215136000,102
1791215137000,66
1791215138000,53
1791215139000,79
1791215140000,82
1791215141000,62
1791215142000,51
1791215143000,57
1791215144000,56
1791215145000,49
1791215146000,147
1791215147000,109
1791215148000,81
1791215149000,120
1791215150000,112
1791215151000,60
1791215152000,45
1791215153000,47
1791215154000,121
1791215155000,84
1791215156000,78
1791215157000,55
1791215158000,53
1791215159000,112
1791215160000,115
1791215161000,81
1791215162000,96
1791215163000,49
1791215164000,90
1791215165000,100
1791215166000,88
1791215167000,81
1791215168000,117
1791215169000,52
1791215170000,93
1791215171000,92
1791215172000,24
1791215173000,107
1791215174000,82
1791215175000,68
1791215176000,48
1791215177000,55
1791215178000,69
1791215179000,97
1791215180000,118
1791215181000,139
1791215182000,110
1791215183000,74
1791215184000,55
1791215185000,83
1791215186000,32
1791215187000,50
1791215188000,90
1791215189000,97
1791215190000,76
1791215191000,108
1791215192000,115
1791215193000,69
1791215194000,91
1791215195000,44
1791215196000,26
1791215197000,100
1791215198000,83
1791215199000,84
1791215200000,74
1791215201000,100
1791215202000,6
1791215203000,109
1791215204000,132
1791215205000,84
1791215206000,53
1791215207000,58
1791215208000,24
1791215209000,41
1791215210000,38
1791215211000,66
1791215212000,98
1791215213000,86
1791215214000,48
1791215215000,54
1791215216000,58
1791215217000,56
1791215218000,83
1791215219000,126
1791215220000,94
1791215221000,125
1791215222000,91
1791215223000,85
1791215224000,38
1791215225000,85
1791215226000,59
1791215227000,126
1791215228000,94
1791215229000,52
1791215230000,35
1791215231000,63
1791215232000,22
1791215233000,133
1791215234000,156
1791215235000,138
1791215236000,69
1791215237000,38
1791215238000,64
1791215239000,122
1791215240000,39
1791215241000,43
1791215242000,59
1791215243000,70
1791215244000,26
1791215245000,73
1791215246000,66
1791215247000,98
1791215248000,51
1791215249000,141
1791215250000,50
1791215251000,78
1791215252000,84
1791215253000,84
1791215254000,20
1791215255000,99
1791215256000,109
1791215257000,97
1791215258000,71
1791215259000,84
1791215260000,30
1791215261000,91
1791215262000,88
1791215263000,82
1791215264000,43
1791215265000,67
1791215266000,34
1791215267000,56
1791215268000,39
1791215269000,129
1791215270000,45
1791215271000,91
1791215272000,73
1791215273000,52
1791215274000,38
1791215275000,34
1791215276000,66
1791215277000,72
1791215278000,76
1791215279000,49
1791215280000,93
1791215281000,42
1791215282000,44
1791215283000,87
1791215284000,149
1791215285000,124
1791215286000,67
1791215287000,114
1791215288000,43
1791215289000,60
1791215290000,64
1791215291000,67
1791215292000,151
1791215293000,147
1791215294000,71
1791215295000,45
1791215296000,134
1791215297000,146
1791215298000,43
1791215299000,117
1791215300000,177
1791215301000,62
1791215302000,63
1791215303000,112
1791215304000,169
1791215305000,35
1791215306000,101
1791215307000,87
1791215308000,93
1791215309000,165
1791215310000,74
1791215311000,92
1791215312000,48
1791215313000,129
1791215314000,131
1791215315000,50
1791215316000,76
1791215317000,86
1791215318000,91
1791215319000,109
1791215320000,12
1791215321000,131
1791215322000,112
1791215323000,5
1791215324000,6
1791215325000,4
1791215326000,4
1791215327000,6
1791215328000,10
1791215329000,9
1791215330000,9
1791215331000,2
1791215332000,6
1791215333000,4
1791215334000,6
1791215335000,8
1791215336000,2
1791215337000,5
1791215338000,5
1791215339000,3
1791215340000,2
1791215341000,1
1791215342000,6
1791215343000,1
1791215344000,5
1791215345000,23
1791215346000,85
1791215347000,57
1791215348000,41
1791215349000,33
1791215350000,36
1791215351000,43
1791215352000,27
1791215353000,50
1791215354000,60
1791215355000,40
1791215356000,51
1791215357000,49
1791215358000,60
1791215359000,73
1791215360000,51
1791215361000,32
1791215362000,47
1791215363000,36
1791215364000,55
1791215365000,114
1791215366000,76
1791215367000,125
1791215368000,133
1791215369000,110
1791215370000,91
1791215371000,37
1791215372000,77
1791215373000,59
1791215374000,18
1791215375000,112
1791215376000,67
1791215377000,51
1791215378000,40
1791215379000,102
1791215380000,54
1791215381000,62
1791215382000,89
1791215383000,78
1791215384000,58
1791215385000,93
1791215386000,139
1791215387000,50
1791215388000,25
1791215389000,81
1791215390000,80
1791215391000,86
1791215392000,48
1791215393000,58
1791215394000,22
1791215395000,122
1791215396000,118
1791215397000,94
1791215398000,86
1791215399000,53
1791215400000,61
1791215401000,69
1791215402000,62
1791215403000,62
1791215404000,42
1791215405000,109
1791215406000,122
1791215407000,15
1791215408000,71
1791215409000,96
1791215410000,59
1791215411000,52
1791215412000,79
1791215413000,88
1791215414000,74
1791215415000,32
1791215416000,81
1791215417000,90
1791215418000,37
1791215419000,38
1791215420000,53
1791215421000,91
1791215422000,94
1791215423000,37
1791215424000,50
1791215425000,48
1791215426000,61
1791215427000,98
1791215428000,103
1791215429000,18
