"data.objectRef.resource.keyword: Descending",Count
pods,7090
deployments,5145
replicasets,5144
events,1853
leases,667
nodes,190
endpointslices,68
endpoints,62
clusterinformations,55
configmaps,27
services,17
csidrivers,15
persistentvolumes,9
runtimeclasses,9
storageclasses,9
apiservices,6
clusterrolebindings,6
clusterroles,6
flowschemas,6
ingressclasses,6
mutatingwebhookconfigurations,6
namespaces,6
prioritylevelconfigurations,6
rolebindings,6
roles,6
secrets,6
validatingadmissionpolicies,6
validatingwebhookconfigurations,6
bgpfilters,3
controllerrevisions,3
cronjobs,3
csinodes,3
csistoragecapacities,3
customresourcedefinitions,3
daemonsets,3
globalnetworkpolicies,3
globalnetworksets,3
hostendpoints,3
ingresses,3
ipamblocks,3
ipreservations,3
limitranges,3
networksets,3
persistentvolumeclaims,3
podtemplates,3
priorityclasses,3
replicationcontrollers,3
resourcequotas,3
serviceaccounts,3
statefulsets,3
validatingadmissionpolicybindings,3
