"data.objectRef.resource.keyword: Descending","data.verb.keyword: Descending",Count
pods,patch,2068
pods,get,2063
pods,watch,28
pods,list,8
deployments,update,3129
deployments,watch,3
replicasets,update,3119
replicasets,watch,3
endpoints,update,2032
endpoints,get,38
endpointslices,update,1964
endpointslices,get,38
endpointslices,watch,10
events,patch,1099
events,create,18
leases,update,453
nodes,get,112
nodes,watch,9
nodes,patch,2
clusterinformations,get,40
configmaps,watch,18
services,watch,9
services,list,4
csidrivers,watch,9
apiservices,watch,6
clusterroles,watch,6
mutatingwebhookconfigurations,watch,6
resourcequotas,watch,6
roles,watch,6
secrets,watch,6
serviceaccounts,watch,6
storageclasses,watch,6
validatingadmissionpolicybindings,watch,6
bgpfilters,watch,3
blockaffinities,watch,3
csinodes,watch,3
customresourcedefinitions,watch,3
daemonsets,watch,3
felixconfigurations,watch,3
flowschemas,watch,3
horizontalpodautoscalers,watch,3
hostendpoints,watch,3
ingresses,watch,3
ipamblocks,watch,3
ipamconfigs,watch,3
ippools,watch,3
kubecontrollersconfigurations,watch,3
limitranges,watch,3
namespaces,watch,3
networkpolicies,watch,3
persistentvolumes,watch,3
poddisruptionbudgets,watch,3
runtimeclasses,watch,3
statefulsets,watch,3
validatingadmissionpolicies,watch,3
volumeattachments,watch,3
globalnetworksets,watch,2
