timestamp,cpu_kube_apiserver,cpu_etcd,cpu_total
15:21:31,9.9,4.3,14.2
15:21:41,8.2,4.0,12.2
15:21:51,8.9,4.3,13.2
15:22:01,8.7,3.9,12.6
15:22:11,8.5,4.3,12.8
15:22:21,9.1,4.1,13.2
15:22:31,8.4,3.8,12.2
15:22:41,7.9,4.0,11.9
15:22:51,7.9,3.7,11.6
15:23:01,8.2,4.0,12.2
15:23:11,8.9,4.0,12.9
15:23:21,9.0,4.5,13.5
15:23:31,9.8,4.2,14.0
15:23:41,8.9,4.4,13.3
15:23:51,8.8,4.4,13.2
15:24:01,8.2,4.1,12.3
15:24:11,8.9,4.3,13.2
15:24:21,9.0,4.1,13.1
15:24:31,8.6,4.3,12.9
15:24:41,8.4,4.0,12.4
15:24:51,8.0,3.9,11.9
15:25:01,7.9,3.8,11.7
15:25:12,8.3,4.0,12.3
15:25:22,9.0,4.2,13.2
15:25:32,10.0,4.3,14.3
15:25:42,8.4,4.1,12.5
15:25:52,8.7,4.0,12.7
15:26:02,8.7,4.2,12.9
15:26:12,8.4,4.4,12.8
15:26:22,8.9,4.7,13.6
