time,conntrack_count,conntrack_max,cpu_us,cpu_sy,saturated
11:59:45,346,131072,4.8,1.6,False
11:59:58,374,131072,1.5,3.0,False
12:00:08,403,131072,1.6,4.8,False
12:00:18,257,131072,3.1,3.1,False
12:00:28,285,131072,1.6,6.3,False
12:00:38,314,131072,4.6,4.6,False
12:00:49,342,131072,3.2,1.6,False
12:00:59,370,131072,1.6,3.2,False
12:01:09,397,131072,12.9,4.8,False
12:01:19,261,131072,1.6,1.6,False
12:01:29,289,131072,4.6,6.2,False
12:01:40,316,131072,3.2,1.6,False
12:01:50,344,131072,3.2,3.2,False
12:02:00,374,131072,3.3,1.6,False
12:02:10,402,131072,3.2,3.2,False
12:02:21,264,131072,3.3,3.3,False
12:02:31,290,131072,3.2,1.6,False
12:02:41,318,131072,15.0,10.0,False
12:02:51,349,131072,1.6,4.7,False
12:03:01,378,131072,3.2,3.2,False
12:03:12,404,131072,1.6,1.6,False
12:03:22,263,131072,4.8,3.2,False
12:03:32,291,131072,4.5,6.1,False
12:03:42,320,131072,3.2,3.2,False
12:03:52,349,131072,3.1,3.1,False
12:04:03,377,131072,3.2,3.2,False
12:04:13,407,131072,3.2,1.6,False
12:04:23,256,131072,4.4,4.4,False
12:04:33,284,131072,4.8,4.8,False
12:04:44,312,131072,8.7,4.3,False
12:04:54,339,131072,1.7,1.7,False
12:05:04,367,131072,5.8,5.8,False
12:05:14,395,131072,9.2,3.1,False
12:05:24,258,131072,3.1,3.1,False
12:05:35,286,131072,6.6,3.3,False
12:05:45,314,131072,1.6,0.0,False
12:05:55,342,131072,0.0,3.3,False
12:06:05,370,131072,3.2,1.6,False
12:06:15,398,131072,1.7,0.0,False
12:06:26,261,131072,8.2,6.6,False
12:06:36,289,131072,1.6,3.3,False
12:06:46,317,131072,0.0,1.5,False
12:06:56,343,131072,6.3,3.2,False
12:07:07,372,131072,3.2,7.9,False
12:07:17,399,131072,1.7,0.0,False
12:07:27,251,131072,3.2,3.2,False
12:07:37,282,131072,3.1,4.7,False
12:07:47,311,131072,1.6,3.1,False
12:07:58,339,131072,1.5,1.5,False
12:08:08,367,131072,4.6,3.1,False
12:08:18,397,131072,1.6,1.6,False
12:08:28,252,131072,6.2,1.5,False
12:08:39,279,131072,3.3,0.0,False
12:08:49,309,131072,1.6,4.7,False
12:08:59,336,131072,3.2,6.5,False
12:09:09,364,131072,3.0,6.1,False
12:09:19,392,131072,6.2,4.7,False
12:09:30,253,131072,4.7,3.1,False
12:09:40,281,131072,3.2,1.6,False
12:09:50,309,131072,1.6,4.8,False